,Proposed Units,Revised Cost,Number of Proposed Stories,Number of Existing Stories
0,A1,B1,C1,D3
1,A1,B1,C1,D3
2,A2,B1,C3,D3
3,A1,B1,C1,D1
4,A1,B2,C1,D2
5,A5,B1,C2,D2
6,A1,B1,C2,D2
7,A1,B1,C1,D1
8,A1,B1,C1,D1
9,A1,B1,C1,D1
10,A1,B1,C1,D1
11,A1,B1,C1,D1
12,A1,B1,C1,D1
13,A1,B1,C1,D1
14,A1,B1,C1,D1
15,A1,B1,C1,D1
16,A1,B1,C1,D1
17,A1,B1,C1,D1
18,A1,B1,C2,D2
19,A1,B1,C1,D1
20,A1,B1,C1,D1
21,A1,B1,C1,D1
22,A1,B1,C2,D2
23,A1,B1,C1,D1
24,A1,B2,C2,D2
25,A1,B1,C1,D1
26,A1,B1,C1,D1
27,A1,B1,C1,D1
28,A1,B1,C1,D1
29,A1,B1,C1,D1
30,A1,B1,C1,D1
31,A1,B1,C1,D1
32,A1,B1,C1,D1
33,A1,B2,C2,D2
34,A1,B1,C1,D1
35,A1,B1,C1,D1
36,A1,B1,C1,D1
37,A1,B1,C1,D1
38,A1,B1,C1,D1
39,A1,B1,C1,D1
40,A1,B1,C1,D1
41,A1,B1,C1,D1
42,A1,B1,C2,D2
43,A1,B1,C1,D1
44,A1,B1,C1,D1
45,A1,B1,C1,D1
46,A1,B1,C1,D1
47,A1,B1,C1,D1
48,A1,B1,C1,D1
49,A1,B1,C1,D1
50,A1,B1,C1,D1
51,A1,B1,C1,D1
52,A1,B1,C1,D1
53,A1,B1,C1,D1
54,A1,B1,C1,D1
55,A1,B1,C1,D1
56,A1,B1,C1,D1
57,A1,B1,C1,D1
58,A1,B1,C1,D1
59,A1,B1,C1,D1
60,A1,B1,C1,D1
61,A1,B1,C1,D1
62,A1,B1,C1,D1
63,A1,B1,C1,D1
64,A1,B1,C1,D1
65,A1,B1,C1,D1
66,A1,B1,C1,D1
67,A1,B1,C1,D1
68,A1,B1,C1,D1
69,A1,B1,C1,D1
70,A1,B1,C1,D1
71,A1,B1,C1,D1
72,A1,B1,C1,D1
73,A1,B1,C1,D1
74,A1,B1,C1,D1
75,A1,B1,C1,D1
76,A1,B1,C1,D1
77,A1,B1,C1,D1
78,A1,B1,C1,D1
79,A1,B1,C1,D1
80,A1,B1,C1,D1
81,A1,B1,C1,D1
82,A1,B1,C2,D2
83,A2,B1,C2,D1
84,A1,B1,C1,D1
85,A1,B1,C1,D1
86,A1,B1,C1,D1
87,A1,B1,C1,D1
88,A1,B1,C1,D1
89,A1,B1,C2,D2
90,A1,B1,C1,D1
91,A1,B2,C1,D1
92,A1,B1,C2,D2
93,A1,B1,C1,D1
94,A1,B2,C1,D1
95,A1,B2,C1,D1
96,A1,B1,C2,D2
97,A1,B2,C1,D1
98,A1,B1,C1,D1
99,A1,B6,C1,D1
100,A1,B1,C2,D2
101,A1,B1,C1,D1
102,A1,B1,C2,D2
103,A1,B1,C1,D1
104,A1,B1,C1,D1
105,A1,B1,C1,D1
106,A1,B2,C2,D2
107,A1,B1,C1,D1
108,A1,B1,C2,D2
109,A1,B1,C1,D1
110,A1,B1,C2,D2
111,A1,B1,C2,D2
112,A1,B1,C1,D1
113,A1,B1,C1,D1
114,A1,B2,C1,D1
115,A1,B1,C1,D4
116,A1,B1,C1,D1
117,A1,B1,C2,D2
118,A1,B1,C1,D1
119,A1,B1,C1,D1
120,A1,B1,C2,D2
121,A1,B1,C2,D2
122,A1,B1,C2,D2
123,A1,B2,C5,D5
124,A1,B1,C1,D3
125,A1,B1,C1,D1
126,A1,B1,C1,D1
127,A1,B1,C2,D2
128,A1,B1,C1,D1
129,A1,B2,C2,D2
130,A1,B3,C1,D1
131,A1,B1,C1,D1
132,A1,B2,C5,D5
133,A1,B2,C2,D2
134,A2,B2,C4,D4
135,A6,B1,C5,D5
136,A1,B2,C1,D1
137,A1,B1,C2,D2
138,A1,B1,C2,D2
139,A1,B1,C1,D1
140,A1,B1,C1,D1
141,A1,B2,C2,D2
142,A5,B1,C5,D5
143,A1,B5,C2,D2
144,A1,B1,C1,D1
145,A1,B1,C2,D2
146,A1,B1,C1,D1
147,A1,B1,C1,D1
148,A1,B1,C1,D1
149,A1,B1,C2,D2
150,A1,B1,C1,D1
151,A1,B1,C1,D1
152,A1,B4,C1,D1
153,A1,B1,C1,D1
154,A1,B1,C2,D2
155,A1,B1,C1,D1
156,A1,B1,C1,D1
157,A1,B1,C1,D1
158,A1,B1,C1,D1
159,A1,B1,C1,D1
160,A1,B1,C1,D1
161,A1,B1,C1,D1
162,A1,B1,C1,D1
163,A1,B1,C1,D1
164,A1,B1,C2,D1
165,A1,B1,C2,D1
166,A1,B1,C2,D2
167,A1,B1,C1,D1
168,A1,B1,C1,D1
169,A1,B1,C1,D1
170,A1,B1,C1,D1
171,A1,B1,C1,D1
172,A1,B1,C1,D1
173,A1,B1,C1,D1
174,A1,B1,C1,D1
175,A1,B1,C1,D1
176,A1,B2,C1,D1
177,A1,B1,C1,D1
178,A1,B1,C1,D1
179,A1,B1,C1,D1
180,A1,B1,C1,D1
181,A1,B1,C2,D2
182,A1,B1,C1,D1
183,A1,B1,C1,D1
184,A1,B1,C1,D1
185,A1,B1,C1,D1
186,A1,B1,C1,D1
187,A1,B1,C1,D1
188,A1,B1,C1,D1
189,A1,B1,C1,D1
190,A1,B1,C1,D1
191,A1,B1,C1,D1
192,A1,B1,C1,D1
193,A1,B8,C1,D1
194,A1,B1,C2,D2
195,A1,B1,C1,D1
196,A1,B1,C1,D1
197,A1,B1,C1,D1
198,A1,B1,C1,D1
199,A1,B1,C1,D1
200,A1,B1,C1,D1
201,A1,B1,C1,D1
202,A1,B1,C1,D1
203,A1,B1,C1,D1
204,A1,B1,C1,D1
205,A1,B2,C1,D1
206,A1,B1,C2,D2
207,A1,B1,C1,D1
208,A1,B1,C1,D1
209,A1,B1,C2,D2
210,A1,B1,C1,D1
211,A1,B1,C1,D1
212,A1,B1,C1,D1
213,A1,B1,C1,D1
214,A1,B1,C1,D1
215,A1,B1,C1,D1
216,A1,B1,C1,D1
217,A1,B1,C1,D1
218,A1,B1,C1,D1
219,A2,B1,C2,D2
220,A1,B1,C1,D1
221,A1,B1,C1,D1
222,A1,B1,C1,D1
223,A1,B1,C1,D1
224,A1,B1,C1,D1
225,A4,B1,C4,D4
226,A1,B2,C2,D2
227,A1,B1,C1,D1
228,A1,B1,C1,D1
229,A1,B1,C1,D1
230,A1,B1,C1,D1
231,A1,B1,C1,D1
232,A1,B1,C1,D1
233,A1,B1,C2,D2
234,A1,B1,C1,D1
235,A1,B1,C1,D1
236,A1,B1,C1,D1
237,A1,B1,C1,D1
238,A1,B1,C1,D1
239,A1,B1,C1,D1
240,A1,B1,C1,D1
241,A1,B1,C1,D1
242,A1,B1,C1,D1
243,A1,B1,C1,D1
244,A1,B1,C1,D1
245,A1,B1,C2,D2
246,A1,B1,C1,D1
247,A1,B2,C2,D2
248,A1,B1,C1,D1
249,A1,B1,C1,D1
250,A1,B2,C2,D2
251,A1,B1,C1,D1
252,A1,B1,C1,D1
253,A1,B1,C1,D1
254,A1,B1,C1,D1
255,A1,B1,C1,D1
256,A1,B1,C1,D1
257,A1,B1,C1,D1
258,A1,B1,C1,D1
259,A1,B1,C1,D1
260,A1,B1,C1,D1
261,A2,B1,C4,D4
262,A1,B1,C1,D1
263,A1,B1,C1,D1
264,A1,B1,C1,D1
265,A1,B1,C2,D2
266,A1,B1,C1,D1
267,A1,B1,C1,D1
268,A1,B1,C2,D2
269,A1,B1,C1,D1
270,A1,B1,C1,D1
271,A1,B1,C1,D1
272,A1,B1,C1,D1
273,A1,B1,C1,D1
274,A1,B1,C1,D1
275,A1,B1,C1,D1
276,A1,B2,C2,D2
277,A1,B1,C1,D1
278,A1,B1,C1,D1
279,A1,B1,C2,D2
280,A1,B1,C1,D1
281,A1,B1,C1,D1
282,A1,B1,C2,D2
283,A1,B1,C2,D2
284,A1,B1,C1,D1
285,A1,B1,C1,D1
286,A1,B1,C2,D2
287,A1,B1,C1,D1
288,A1,B1,C1,D1
289,A1,B1,C2,D2
290,A1,B1,C1,D1
291,A1,B1,C2,D2
292,A1,B1,C1,D1
293,A1,B1,C2,D2
294,A1,B1,C1,D1
295,A1,B1,C2,D2
296,A1,B1,C1,D1
297,A1,B1,C1,D1
298,A1,B1,C1,D1
299,A1,B2,C2,D2
300,A1,B1,C1,D1
301,A1,B1,C1,D1
302,A1,B1,C2,D2
303,A1,B1,C1,D1
304,A1,B1,C2,D2
305,A1,B1,C1,D1
306,A1,B1,C1,D1
307,A1,B1,C2,D2
308,A1,B1,C1,D1
309,A1,B1,C1,D1
310,A1,B1,C1,D1
311,A1,B1,C1,D1
312,A1,B1,C1,D1
313,A1,B1,C1,D1
314,A1,B1,C1,D1
315,A1,B1,C1,D1
316,A1,B1,C1,D1
317,A1,B1,C1,D1
318,A1,B1,C2,D2
319,A1,B1,C1,D1
320,A1,B1,C1,D1
321,A1,B1,C1,D1
322,A1,B1,C1,D1
323,A1,B1,C1,D1
324,A1,B1,C1,D1
325,A1,B1,C1,D1
326,A1,B1,C1,D1
327,A1,B1,C1,D1
328,A1,B1,C1,D1
329,A1,B1,C1,D1
330,A1,B1,C1,D1
331,A1,B1,C1,D1
332,A1,B1,C1,D1
333,A1,B1,C1,D1
334,A1,B1,C1,D1
335,A1,B1,C1,D1
336,A1,B1,C1,D1
337,A1,B1,C1,D1
338,A1,B1,C1,D1
339,A1,B1,C2,D2
340,A1,B1,C1,D1
341,A1,B1,C1,D1
342,A1,B1,C1,D1
343,A1,B1,C1,D1
344,A1,B1,C1,D1
345,A1,B1,C2,D2
346,A1,B1,C1,D1
347,A1,B1,C1,D1
348,A1,B1,C1,D1
349,A1,B1,C1,D1
350,A1,B1,C1,D1
351,A1,B1,C1,D1
352,A1,B1,C1,D1
353,A1,B1,C1,D1
354,A1,B1,C1,D1
355,A1,B1,C1,D1
356,A1,B1,C1,D1
357,A1,B1,C1,D1
358,A1,B1,C1,D1
359,A1,B1,C1,D1
360,A1,B1,C2,D2
361,A1,B1,C2,D2
362,A1,B1,C2,D2
363,A1,B1,C2,D2
364,A1,B1,C1,D1
365,A1,B1,C1,D1
366,A1,B1,C1,D1
367,A1,B1,C1,D1
368,A1,B1,C1,D1
369,A1,B1,C1,D1
370,A1,B1,C1,D1
371,A1,B1,C1,D1
372,A1,B1,C1,D1
373,A1,B1,C1,D1
374,A1,B1,C1,D1
375,A1,B1,C2,D2
376,A1,B1,C1,D1
377,A1,B1,C1,D1
378,A1,B1,C2,D2
379,A1,B1,C1,D1
380,A1,B1,C1,D1
381,A1,B1,C1,D1
382,A1,B1,C1,D1
383,A1,B1,C1,D1
384,A1,B1,C1,D1
385,A1,B1,C1,D1
386,A1,B1,C1,D1
387,A1,B1,C1,D3
388,A1,B1,C1,D1
389,A1,B1,C1,D1
390,A1,B1,C1,D1
391,A1,B1,C1,D1
392,A1,B2,C2,D2
393,A1,B1,C2,D2
394,A1,B1,C1,D1
395,A1,B1,C1,D1
396,A1,B1,C1,D1
397,A1,B1,C1,D1
398,A1,B1,C1,D1
399,A1,B1,C1,D1
400,A1,B2,C1,D5
401,A1,B1,C1,D1
402,A1,B1,C1,D1
403,A1,B1,C1,D1
404,A1,B1,C1,D1
405,A1,B1,C1,D1
406,A1,B1,C1,D1
407,A1,B1,C1,D1
408,A4,B1,C3,D3
409,A1,B1,C1,D1
410,A1,B1,C1,D1
411,A1,B1,C1,D1
412,A1,B2,C2,D2
413,A1,B1,C1,D1
414,A1,B1,C1,D1
415,A1,B1,C1,D1
416,A1,B1,C1,D1
417,A1,B1,C1,D1
418,A3,B4,C4,D4
419,A1,B1,C1,D1
420,A1,B1,C1,D1
421,A1,B1,C1,D1
422,A1,B1,C1,D1
423,A1,B1,C1,D1
424,A1,B1,C1,D1
425,A1,B1,C1,D1
426,A1,B1,C1,D1
427,A1,B1,C1,D1
428,A1,B1,C1,D1
429,A1,B1,C1,D1
430,A1,B1,C1,D1
431,A1,B1,C1,D1
432,A1,B1,C1,D1
433,A1,B1,C1,D1
434,A1,B1,C1,D1
435,A1,B1,C1,D1
436,A1,B1,C1,D1
437,A1,B1,C1,D1
438,A1,B1,C1,D1
439,A1,B1,C1,D1
440,A1,B1,C2,D1
441,A1,B1,C2,D2
442,A1,B1,C1,D1
443,A1,B1,C1,D1
444,A1,B1,C1,D1
445,A1,B1,C1,D1
446,A1,B1,C2,D1
447,A1,B1,C1,D1
448,A1,B1,C1,D1
449,A1,B1,C1,D1
450,A1,B1,C1,D1
451,A1,B1,C1,D1
452,A1,B1,C1,D1
453,A1,B1,C1,D1
454,A1,B1,C1,D1
455,A1,B1,C1,D1
456,A1,B1,C1,D1
457,A1,B2,C3,D3
458,A1,B1,C1,D1
459,A1,B1,C1,D1
460,A1,B1,C1,D1
461,A1,B1,C1,D1
462,A1,B1,C1,D1
463,A1,B1,C1,D1
464,A1,B1,C1,D1
465,A1,B1,C1,D1
466,A1,B1,C1,D1
467,A1,B1,C1,D1
468,A1,B1,C1,D1
469,A1,B1,C1,D1
470,A1,B1,C1,D1
471,A1,B1,C1,D1
472,A1,B1,C1,D1
473,A1,B1,C1,D1
474,A1,B1,C1,D1
475,A1,B1,C1,D1
476,A1,B1,C1,D1
477,A1,B2,C2,D2
478,A1,B1,C1,D1
479,A1,B1,C1,D1
480,A1,B1,C1,D1
481,A3,B1,C3,D1
482,A1,B3,C2,D2
483,A1,B1,C2,D2
484,A5,B1,C5,D5
485,A1,B1,C1,D1
486,A1,B1,C2,D2
487,A1,B1,C1,D1
488,A1,B1,C1,D1
489,A1,B1,C2,D2
490,A2,B1,C3,D3
491,A1,B1,C2,D2
492,A1,B1,C2,D2
493,A1,B1,C2,D2
494,A1,B2,C1,D1
495,A1,B1,C1,D1
496,A1,B1,C1,D2
497,A1,B1,C1,D2
498,A1,B1,C1,D1
499,A1,B1,C1,D1
500,A1,B1,C1,D1
501,A1,B1,C1,D1
502,A1,B1,C1,D1
503,A1,B2,C2,D2
504,A1,B1,C1,D3
505,A1,B1,C1,D1
506,A1,B1,C1,D1
507,A1,B1,C1,D1
508,A1,B1,C1,D1
509,A1,B1,C1,D1
510,A1,B1,C2,D2
511,A1,B3,C2,D2
512,A1,B2,C6,D6
513,A1,B3,C4,D4
514,A1,B2,C6,D6
515,A1,B2,C4,D4
516,A1,B3,C4,D4
517,A1,B1,C4,D4
518,A1,B1,C1,D1
519,A1,B3,C4,D4
520,A1,B1,C1,D1
521,A5,B1,C5,D5
522,A1,B1,C2,D2
523,A1,B1,C1,D1
524,A1,B1,C1,D1
525,A1,B1,C1,D1
526,A1,B1,C1,D1
527,A1,B3,C3,D3
528,A1,B1,C1,D1
529,A1,B1,C1,D1
530,A1,B1,C1,D1
531,A1,B1,C1,D1
532,A1,B1,C1,D1
533,A1,B1,C1,D1
534,A1,B2,C1,D1
535,A1,B1,C1,D1
536,A1,B1,C1,D1
537,A1,B1,C1,D1
538,A1,B1,C1,D1
539,A1,B2,C1,D1
540,A1,B1,C1,D1
541,A1,B1,C5,D5
542,A1,B2,C2,D2
543,A1,B1,C1,D1
544,A1,B1,C1,D1
545,A1,B1,C2,D2
546,A1,B1,C2,D2
547,A1,B1,C1,D1
548,A1,B1,C1,D1
549,A1,B1,C3,D3
550,A1,B1,C1,D1
551,A1,B1,C1,D1
552,A1,B1,C1,D1
553,A1,B1,C1,D2
554,A1,B1,C2,D2
555,A1,B1,C2,D2
556,A1,B1,C2,D2
557,A1,B1,C1,D1
558,A1,B1,C1,D1
559,A1,B1,C1,D1
560,A1,B1,C1,D1
561,A1,B1,C1,D1
562,A1,B1,C1,D1
563,A1,B1,C2,D2
564,A1,B1,C1,D1
565,A1,B1,C2,D2
566,A1,B1,C1,D1
567,A1,B1,C1,D1
568,A1,B2,C2,D2
569,A1,B1,C2,D2
570,A1,B1,C1,D1
571,A1,B1,C2,D2
572,A1,B1,C2,D2
573,A1,B1,C1,D1
574,A1,B1,C1,D1
575,A1,B1,C3,D3
576,A1,B2,C2,D2
577,A1,B1,C1,D1
578,A1,B1,C2,D2
579,A1,B1,C2,D2
580,A1,B1,C1,D1
581,A1,B1,C8,D8
582,A1,B1,C1,D1
583,A1,B1,C1,D1
584,A1,B1,C1,D1
585,A1,B2,C2,D2
586,A1,B1,C2,D2
587,A1,B3,C3,D3
588,A1,B1,C1,D1
589,A1,B1,C1,D1
590,A1,B1,C1,D1
591,A1,B1,C1,D1
592,A1,B1,C1,D1
593,A1,B1,C1,D1
594,A1,B1,C5,D5
595,A1,B1,C3,D3
596,A1,B1,C3,D3
597,A1,B5,C1,D1
598,A3,B1,C3,D3
599,A1,B1,C5,D5
600,A2,B1,C4,D4
601,A1,B4,C2,D2
602,A1,B1,C4,D4
603,A2,B1,C5,D5
604,A1,B1,C1,D1
605,A1,B1,C2,D2
606,A1,B1,C3,D3
607,A1,B1,C1,D1
608,A1,B1,C4,D4
609,A1,B1,C6,D6
610,A1,B1,C1,D1
611,A1,B1,C8,D8
612,A1,B1,C1,D1
613,A1,B1,C1,D1
614,A1,B1,C2,D2
615,A1,B1,C2,D2
616,A1,B2,C8,D8
617,A2,B1,C3,D3
618,A1,B1,C3,D3
619,A1,B1,C1,D1
620,A1,B1,C1,D1
621,A1,B1,C1,D1
622,A1,B1,C1,D1
623,A1,B1,C1,D1
624,A1,B2,C1,D1
625,A1,B5,C4,D4
626,A1,B1,C1,D1
627,A1,B1,C1,D1
628,A1,B1,C1,D1
629,A1,B1,C1,D1
630,A1,B1,C1,D1
631,A4,B1,C4,D4
632,A1,B1,C2,D2
633,A1,B1,C1,D1
634,A1,B1,C1,D1
635,A1,B6,C4,D4
636,A1,B1,C1,D1
637,A1,B1,C1,D1
638,A1,B1,C2,D2
639,A1,B1,C2,D2
640,A1,B1,C1,D1
641,A1,B1,C1,D1
642,A1,B1,C1,D1
643,A1,B1,C1,D1
644,A1,B1,C1,D1
645,A1,B1,C1,D1
646,A1,B1,C1,D1
647,A1,B3,C7,D7
648,A1,B2,C2,D2
649,A1,B1,C1,D1
650,A1,B2,C7,D7
651,A1,B1,C1,D1
652,A1,B2,C2,D2
653,A2,B1,C3,D3
654,A1,B1,C4,D4
655,A1,B1,C1,D1
656,A1,B1,C1,D1
657,A1,B1,C1,D1
658,A2,B1,C3,D3
659,A2,B1,C3,D3
660,A1,B2,C8,D8
661,A2,B1,C3,D3
662,A2,B1,C3,D3
663,A2,B1,C3,D3
664,A1,B2,C8,D8
665,A2,B1,C3,D3
666,A1,B1,C2,D2
667,A1,B1,C1,D1
668,A1,B1,C1,D1
669,A1,B1,C1,D1
670,A1,B1,C1,D1
671,A1,B1,C2,D2
672,A1,B1,C2,D2
673,A1,B1,C2,D2
674,A1,B1,C1,D1
675,A1,B1,C1,D1
676,A1,B1,C1,D1
677,A1,B1,C2,D2
678,A1,B1,C2,D2
679,A2,B3,C4,D4
680,A1,B1,C2,D2
681,A1,B7,C7,D7
682,A1,B1,C2,D2
683,A1,B1,C1,D1
684,A1,B1,C2,D2
685,A1,B1,C2,D2
686,A1,B1,C2,D2
687,A1,B2,C2,D2
688,A2,B2,C2,D2
689,A1,B2,C1,D1
690,A2,B1,C3,D3
691,A1,B1,C2,D2
692,A1,B1,C1,D1
693,A1,B1,C1,D1
694,A1,B1,C1,D1
695,A1,B1,C1,D1
696,A1,B1,C1,D1
697,A1,B1,C1,D1
698,A1,B1,C1,D1
699,A1,B1,C1,D1
700,A1,B1,C2,D2
701,A1,B1,C2,D2
702,A1,B1,C2,D2
703,A1,B3,C2,D1
704,A1,B1,C1,D1
705,A1,B1,C1,D1
706,A1,B1,C1,D1
707,A1,B1,C1,D1
708,A1,B1,C1,D1
709,A1,B1,C2,D2
710,A1,B1,C1,D1
711,A1,B2,C1,D1
712,A1,B1,C1,D1
713,A1,B2,C2,D2
714,A1,B1,C2,D2
715,A1,B1,C2,D2
716,A1,B1,C2,D2
717,A1,B1,C2,D2
718,A1,B1,C1,D1
719,A1,B1,C1,D1
720,A1,B1,C1,D1
721,A1,B1,C1,D1
722,A6,B1,C4,D4
723,A1,B1,C2,D2
724,A1,B1,C2,D2
725,A1,B1,C6,D6
726,A1,B1,C1,D1
727,A1,B1,C1,D1
728,A1,B2,C2,D2
729,A1,B1,C1,D1
730,A1,B1,C1,D1
731,A1,B1,C1,D1
732,A4,B1,C4,D4
733,A1,B1,C1,D1
734,A1,B1,C1,D1
735,A1,B1,C1,D1
736,A1,B1,C1,D1
737,A1,B1,C1,D1
738,A1,B1,C2,D2
739,A1,B1,C1,D1
740,A1,B1,C1,D1
741,A1,B1,C2,D2
742,A1,B1,C1,D1
743,A1,B1,C2,D2
744,A1,B1,C1,D1
745,A1,B1,C3,D3
746,A1,B1,C2,D2
747,A1,B1,C2,D2
748,A1,B2,C1,D1
749,A1,B1,C1,D1
750,A1,B1,C1,D1
751,A1,B1,C2,D2
752,A1,B1,C1,D1
753,A1,B1,C1,D1
754,A1,B2,C1,D1
755,A1,B1,C1,D1
756,A1,B1,C2,D2
757,A1,B1,C2,D2
758,A1,B1,C2,D2
759,A1,B1,C1,D1
760,A1,B1,C2,D2
761,A1,B1,C2,D2
762,A1,B1,C1,D1
763,A1,B1,C1,D1
764,A1,B1,C1,D1
765,A1,B1,C3,D3
766,A1,B1,C1,D1
767,A1,B4,C2,D1
768,A1,B1,C1,D1
769,A1,B1,C1,D1
770,A6,B2,C5,D5
771,A1,B2,C1,D1
772,A1,B1,C1,D1
773,A1,B1,C1,D1
774,A1,B1,C1,D1
775,A1,B1,C1,D1
776,A1,B2,C2,D2
777,A1,B1,C5,D5
778,A1,B1,C1,D1
779,A1,B1,C2,D2
780,A1,B1,C1,D1
781,A1,B1,C2,D2
782,A1,B1,C2,D2
783,A1,B2,C2,D2
784,A1,B2,C2,D2
785,A1,B1,C2,D2
786,A1,B1,C1,D1
787,A1,B1,C2,D2
788,A1,B1,C2,D2
789,A1,B1,C1,D1
790,A1,B1,C1,D1
791,A1,B1,C1,D1
792,A1,B1,C1,D1
793,A1,B1,C1,D1
794,A1,B1,C1,D1
795,A1,B2,C1,D1
796,A1,B1,C1,D1
797,A1,B2,C1,D1
798,A1,B1,C1,D1
799,A1,B4,C1,D1
800,A1,B1,C1,D1
801,A1,B2,C1,D1
802,A1,B1,C1,D1
803,A1,B1,C1,D1
804,A1,B1,C1,D1
805,A1,B2,C1,D1
806,A1,B1,C2,D2
807,A1,B1,C2,D2
808,A1,B3,C2,D1
809,A8,B1,C7,D7
810,A1,B1,C2,D2
811,A1,B1,C2,D2
812,A1,B1,C2,D2
813,A1,B1,C2,D2
814,A1,B1,C1,D1
815,A1,B1,C1,D1
816,A1,B1,C1,D1
817,A1,B1,C2,D2
818,A1,B1,C2,D2
819,A1,B2,C1,D1
820,A1,B1,C1,D1
821,A1,B1,C1,D1
822,A1,B1,C2,D2
823,A1,B1,C1,D1
824,A1,B1,C1,D1
825,A1,B1,C1,D1
826,A1,B1,C2,D2
827,A1,B1,C2,D2
828,A1,B1,C1,D1
829,A1,B1,C1,D1
830,A1,B1,C1,D1
831,A1,B1,C2,D2
832,A1,B1,C2,D2
833,A3,B1,C3,D1
834,A1,B1,C1,D1
835,A2,B1,C5,D5
836,A1,B1,C1,D1
837,A1,B1,C2,D2
838,A1,B1,C2,D2
839,A1,B2,C1,D1
840,A1,B1,C1,D1
841,A1,B1,C1,D1
842,A1,B1,C4,D4
843,A1,B1,C1,D1
844,A1,B1,C1,D1
845,A1,B1,C1,D1
846,A1,B1,C2,D2
847,A1,B1,C1,D1
848,A1,B1,C2,D2
849,A1,B1,C6,D6
850,A1,B1,C1,D1
851,A1,B1,C1,D1
852,A2,B1,C2,D2
853,A1,B1,C1,D1
854,A1,B1,C1,D1
855,A1,B1,C2,D2
856,A1,B1,C1,D1
857,A1,B1,C1,D1
858,A1,B1,C2,D2
859,A1,B1,C1,D1
860,A1,B1,C2,D2
861,A1,B1,C1,D1
862,A1,B1,C1,D1
863,A1,B1,C1,D1
864,A8,B1,C7,D7
865,A1,B1,C2,D2
866,A1,B1,C1,D1
867,A1,B1,C1,D1
868,A3,B1,C7,D7
869,A1,B1,C1,D1
870,A1,B1,C1,D1
871,A1,B1,C1,D1
872,A1,B1,C1,D1
873,A1,B1,C3,D3
874,A1,B1,C2,D2
875,A1,B3,C1,D1
876,A1,B1,C2,D2
877,A1,B1,C1,D1
878,A1,B1,C1,D1
879,A1,B1,C1,D1
880,A1,B1,C1,D1
881,A1,B1,C2,D2
882,A1,B2,C7,D7
883,A1,B1,C1,D1
884,A1,B1,C2,D2
885,A1,B1,C1,D1
886,A1,B1,C1,D1
887,A1,B1,C1,D1
888,A1,B1,C2,D2
889,A1,B1,C1,D1
890,A1,B1,C2,D2
891,A1,B1,C2,D2
892,A1,B1,C1,D1
893,A1,B2,C2,D2
894,A1,B1,C1,D1
895,A1,B1,C1,D1
896,A1,B1,C2,D2
897,A1,B1,C1,D1
898,A1,B1,C1,D1
899,A1,B2,C3,D3
900,A1,B3,C2,D1
901,A1,B1,C2,D2
902,A1,B1,C1,D1
903,A1,B1,C2,D2
904,A1,B1,C2,D2
905,A1,B1,C2,D2
906,A1,B1,C2,D2
907,A1,B1,C2,D2
908,A1,B1,C2,D2
909,A1,B1,C2,D2
910,A7,B1,C3,D3
911,A1,B1,C2,D2
912,A1,B1,C1,D1
913,A1,B1,C1,D1
914,A1,B1,C2,D2
915,A1,B1,C1,D1
916,A1,B1,C2,D2
917,A1,B2,C1,D1
918,A1,B1,C1,D1
919,A1,B1,C1,D1
920,A1,B2,C1,D1
921,A1,B1,C1,D1
922,A1,B1,C1,D1
923,A1,B1,C2,D2
924,A4,B1,C3,D3
925,A1,B1,C2,D2
926,A1,B1,C4,D4
927,A1,B1,C1,D1
928,A1,B1,C6,D6
929,A1,B1,C2,D2
930,A1,B1,C1,D1
931,A1,B1,C1,D1
932,A1,B2,C2,D2
933,A1,B2,C2,D2
934,A1,B2,C2,D2
935,A1,B1,C1,D1
936,A1,B1,C1,D1
937,A1,B1,C1,D1
938,A1,B1,C3,D3
939,A1,B1,C2,D2
940,A1,B1,C2,D2
941,A3,B2,C5,D5
942,A1,B1,C1,D1
943,A1,B1,C1,D1
944,A1,B1,C2,D2
945,A1,B1,C1,D1
946,A1,B1,C1,D1
947,A1,B1,C1,D1
948,A1,B1,C1,D1
949,A1,B1,C1,D1
950,A1,B1,C2,D2
951,A1,B1,C1,D1
952,A1,B1,C7,D7
953,A1,B1,C2,D2
954,A1,B1,C1,D1
955,A1,B1,C3,D3
956,A1,B1,C1,D1
957,A1,B2,C1,D1
958,A1,B4,C1,D1
959,A1,B1,C1,D1
960,A1,B1,C1,D1
961,A1,B1,C2,D2
962,A1,B1,C1,D1
963,A1,B1,C2,D2
964,A1,B1,C2,D2
965,A1,B1,C1,D1
966,A1,B1,C1,D1
967,A1,B1,C1,D1
968,A1,B1,C1,D1
969,A1,B1,C1,D1
970,A1,B1,C1,D1
971,A1,B1,C1,D1
972,A1,B1,C1,D1
973,A1,B1,C1,D1
974,A1,B1,C1,D1
975,A1,B1,C1,D1
976,A1,B1,C1,D1
977,A1,B1,C1,D1
978,A1,B2,C1,D1
979,A1,B1,C1,D1
980,A1,B1,C1,D1
981,A1,B1,C2,D2
982,A1,B1,C2,D2
983,A1,B1,C1,D1
984,A1,B1,C1,D1
985,A1,B1,C1,D1
986,A1,B2,C2,D2
987,A1,B1,C3,D3
988,A2,B1,C4,D4
989,A1,B1,C1,D1
990,A1,B1,C3,D3
991,A1,B1,C1,D1
992,A1,B1,C2,D2
993,A1,B1,C2,D2
994,A1,B1,C1,D1
995,A1,B5,C5,D5
996,A1,B1,C1,D1
997,A1,B2,C1,D1
998,A1,B2,C1,D1
999,A1,B1,C2,D2
